{
  "minecraft:recipes/decorations/beehive": {
    "criteria": {
      "has_honeycomb": "2020-01-11 10:22:07 +0100"
    },
    "done": true
  },
  "minecraft:recipes/food/honey_bottle": {
    "criteria": {
      "has_honey_block": "2020-01-11 10:22:08 +0100"
    },
    "done": true
  },
  "minecraft:recipes/decorations/honeycomb_block": {
    "criteria": {
      "has_honeycomb": "2020-01-11 10:22:07 +0100"
    },
    "done": true
  },
  "minecraft:adventure/adventuring_time": {
    "criteria": {
      "minecraft:plains": "2020-01-11 10:20:53 +0100"
    },
    "done": false
  },
  "DataVersion": 2227
}